{
  "initial_timestamp": "2017-03-30T12:00:00",
  "initial_parameters": {
    "maintenance_interval": 86400,
    "maintenance_skip_slots": 3,
    "maximum_transaction_size": 2048,
    "maximum_block_size": 2048000000,
    "maximum_time_until_expiration": 86400,
    "maximum_producer_count": 1001
  },
  "immutable_parameters": {
    "min_producer_count": 21
  },
  "initial_accounts": [{
    "name": "inita",
    "owner_key": "EOS6MRyAjQq8ud7hVNYcfnVPJqcVpscN5So8BhtHuGYqET5GDW5CV",
    "active_key": "EOS6MRyAjQq8ud7hVNYcfnVPJqcVpscN5So8BhtHuGYqET5GDW5CV",
    "liquid_balance": "1000000.0000 EOS"
  },{
    "name": "initb",
    "owner_key": "EOS6MRyAjQq8ud7hVNYcfnVPJqcVpscN5So8BhtHuGYqET5GDW5CV",
    "active_key": "EOS6MRyAjQq8ud7hVNYcfnVPJqcVpscN5So8BhtHuGYqET5GDW5CV",
    "liquid_balance": "1000000.0000 EOS"
  },{
    "name": "initc",
    "owner_key": "EOS6MRyAjQq8ud7hVNYcfnVPJqcVpscN5So8BhtHuGYqET5GDW5CV",
    "active_key": "EOS6MRyAjQq8ud7hVNYcfnVPJqcVpscN5So8BhtHuGYqET5GDW5CV",
    "liquid_balance": "1000000.0000 EOS"
  },{
    "name": "initd",
    "owner_key": "EOS6MRyAjQq8ud7hVNYcfnVPJqcVpscN5So8BhtHuGYqET5GDW5CV",
    "active_key": "EOS6MRyAjQq8ud7hVNYcfnVPJqcVpscN5So8BhtHuGYqET5GDW5CV",
    "liquid_balance": "1000000.0000 EOS"
  },{
    "name": "inite",
    "owner_key": "EOS6MRyAjQq8ud7hVNYcfnVPJqcVpscN5So8BhtHuGYqET5GDW5CV",
    "active_key": "EOS6MRyAjQq8ud7hVNYcfnVPJqcVpscN5So8BhtHuGYqET5GDW5CV",
    "liquid_balance": "1000000.0000 EOS"
  },{
    "name": "initf",
    "owner_key": "EOS6MRyAjQq8ud7hVNYcfnVPJqcVpscN5So8BhtHuGYqET5GDW5CV",
    "active_key": "EOS6MRyAjQq8ud7hVNYcfnVPJqcVpscN5So8BhtHuGYqET5GDW5CV",
    "liquid_balance": "1000000.0000 EOS"
  },{
    "name": "initg",
    "owner_key": "EOS6MRyAjQq8ud7hVNYcfnVPJqcVpscN5So8BhtHuGYqET5GDW5CV",
    "active_key": "EOS6MRyAjQq8ud7hVNYcfnVPJqcVpscN5So8BhtHuGYqET5GDW5CV",
    "liquid_balance": "1000000.0000 EOS"
  },{
    "name": "inith",
    "owner_key": "EOS6MRyAjQq8ud7hVNYcfnVPJqcVpscN5So8BhtHuGYqET5GDW5CV",
    "active_key": "EOS6MRyAjQq8ud7hVNYcfnVPJqcVpscN5So8BhtHuGYqET5GDW5CV",
    "liquid_balance": "1000000.0000 EOS"
  },{
    "name": "initi",
    "owner_key": "EOS6MRyAjQq8ud7hVNYcfnVPJqcVpscN5So8BhtHuGYqET5GDW5CV",
    "active_key": "EOS6MRyAjQq8ud7hVNYcfnVPJqcVpscN5So8BhtHuGYqET5GDW5CV",
    "liquid_balance": "1000000.0000 EOS"
  },{
    "name": "initj",
    "owner_key": "EOS6MRyAjQq8ud7hVNYcfnVPJqcVpscN5So8BhtHuGYqET5GDW5CV",
    "active_key": "EOS6MRyAjQq8ud7hVNYcfnVPJqcVpscN5So8BhtHuGYqET5GDW5CV",
    "liquid_balance": "1000000.0000 EOS"
  },{
    "name": "initk",
    "owner_key": "EOS6MRyAjQq8ud7hVNYcfnVPJqcVpscN5So8BhtHuGYqET5GDW5CV",
    "active_key": "EOS6MRyAjQq8ud7hVNYcfnVPJqcVpscN5So8BhtHuGYqET5GDW5CV",
    "liquid_balance": "1000000.0000 EOS"
  },{
    "name": "initl",
    "owner_key": "EOS6MRyAjQq8ud7hVNYcfnVPJqcVpscN5So8BhtHuGYqET5GDW5CV",
    "active_key": "EOS6MRyAjQq8ud7hVNYcfnVPJqcVpscN5So8BhtHuGYqET5GDW5CV",
    "liquid_balance": "1000000.0000 EOS"
  },{
    "name": "initm",
    "owner_key": "EOS6MRyAjQq8ud7hVNYcfnVPJqcVpscN5So8BhtHuGYqET5GDW5CV",
    "active_key": "EOS6MRyAjQq8ud7hVNYcfnVPJqcVpscN5So8BhtHuGYqET5GDW5CV",
    "liquid_balance": "1000000.0000 EOS"
  },{
    "name": "initn",
    "owner_key": "EOS6MRyAjQq8ud7hVNYcfnVPJqcVpscN5So8BhtHuGYqET5GDW5CV",
    "active_key": "EOS6MRyAjQq8ud7hVNYcfnVPJqcVpscN5So8BhtHuGYqET5GDW5CV",
    "liquid_balance": "1000000.0000 EOS"
  },{
    "name": "inito",
    "owner_key": "EOS6MRyAjQq8ud7hVNYcfnVPJqcVpscN5So8BhtHuGYqET5GDW5CV",
    "active_key": "EOS6MRyAjQq8ud7hVNYcfnVPJqcVpscN5So8BhtHuGYqET5GDW5CV",
    "liquid_balance": "1000000.0000 EOS"
  },{
    "name": "initp",
    "owner_key": "EOS6MRyAjQq8ud7hVNYcfnVPJqcVpscN5So8BhtHuGYqET5GDW5CV",
    "active_key": "EOS6MRyAjQq8ud7hVNYcfnVPJqcVpscN5So8BhtHuGYqET5GDW5CV",
    "liquid_balance": "1000000.0000 EOS"
  },{
    "name": "initq",
    "owner_key": "EOS6MRyAjQq8ud7hVNYcfnVPJqcVpscN5So8BhtHuGYqET5GDW5CV",
    "active_key": "EOS6MRyAjQq8ud7hVNYcfnVPJqcVpscN5So8BhtHuGYqET5GDW5CV",
    "liquid_balance": "1000000.0000 EOS"
  },{
    "name": "initr",
    "owner_key": "EOS6MRyAjQq8ud7hVNYcfnVPJqcVpscN5So8BhtHuGYqET5GDW5CV",
    "active_key": "EOS6MRyAjQq8ud7hVNYcfnVPJqcVpscN5So8BhtHuGYqET5GDW5CV",
    "liquid_balance": "1000000.0000 EOS"
  },{
    "name": "inits",
    "owner_key": "EOS6MRyAjQq8ud7hVNYcfnVPJqcVpscN5So8BhtHuGYqET5GDW5CV",
    "active_key": "EOS6MRyAjQq8ud7hVNYcfnVPJqcVpscN5So8BhtHuGYqET5GDW5CV",
    "liquid_balance": "1000000.0000 EOS"
  },{
    "name": "initt",
    "owner_key": "EOS6MRyAjQq8ud7hVNYcfnVPJqcVpscN5So8BhtHuGYqET5GDW5CV",
    "active_key": "EOS6MRyAjQq8ud7hVNYcfnVPJqcVpscN5So8BhtHuGYqET5GDW5CV",
    "liquid_balance": "1000000.0000 EOS"
  },{
    "name": "initu",
    "owner_key": "EOS6MRyAjQq8ud7hVNYcfnVPJqcVpscN5So8BhtHuGYqET5GDW5CV",
    "active_key": "EOS6MRyAjQq8ud7hVNYcfnVPJqcVpscN5So8BhtHuGYqET5GDW5CV",
    "liquid_balance": "1000000.0000 EOS"
  }],
  "initial_producers": [{
    "owner_name": "inita",
    "block_signing_key": "EOS6MRyAjQq8ud7hVNYcfnVPJqcVpscN5So8BhtHuGYqET5GDW5CV"
  },{
    "owner_name": "initb",
    "block_signing_key": "EOS6MRyAjQq8ud7hVNYcfnVPJqcVpscN5So8BhtHuGYqET5GDW5CV"
  },{
    "owner_name": "initc",
    "block_signing_key": "EOS6MRyAjQq8ud7hVNYcfnVPJqcVpscN5So8BhtHuGYqET5GDW5CV"
  },{
    "owner_name": "initd",
    "block_signing_key": "EOS6MRyAjQq8ud7hVNYcfnVPJqcVpscN5So8BhtHuGYqET5GDW5CV"
  },{
    "owner_name": "inite",
    "block_signing_key": "EOS6MRyAjQq8ud7hVNYcfnVPJqcVpscN5So8BhtHuGYqET5GDW5CV"
  },{
    "owner_name": "initf",
    "block_signing_key": "EOS6MRyAjQq8ud7hVNYcfnVPJqcVpscN5So8BhtHuGYqET5GDW5CV"
  },{
    "owner_name": "initg",
    "block_signing_key": "EOS6MRyAjQq8ud7hVNYcfnVPJqcVpscN5So8BhtHuGYqET5GDW5CV"
  },{
    "owner_name": "inith",
    "block_signing_key": "EOS6MRyAjQq8ud7hVNYcfnVPJqcVpscN5So8BhtHuGYqET5GDW5CV"
  },{
    "owner_name": "initi",
    "block_signing_key": "EOS6MRyAjQq8ud7hVNYcfnVPJqcVpscN5So8BhtHuGYqET5GDW5CV"
  },{
    "owner_name": "initj",
    "block_signing_key": "EOS6MRyAjQq8ud7hVNYcfnVPJqcVpscN5So8BhtHuGYqET5GDW5CV"
  },{
    "owner_name": "initk",
    "block_signing_key": "EOS6MRyAjQq8ud7hVNYcfnVPJqcVpscN5So8BhtHuGYqET5GDW5CV"
  },{
    "owner_name": "initl",
    "block_signing_key": "EOS6MRyAjQq8ud7hVNYcfnVPJqcVpscN5So8BhtHuGYqET5GDW5CV"
  },{
    "owner_name": "initm",
    "block_signing_key": "EOS6MRyAjQq8ud7hVNYcfnVPJqcVpscN5So8BhtHuGYqET5GDW5CV"
  },{
    "owner_name": "initn",
    "block_signing_key": "EOS6MRyAjQq8ud7hVNYcfnVPJqcVpscN5So8BhtHuGYqET5GDW5CV"
  },{
    "owner_name": "inito",
    "block_signing_key": "EOS6MRyAjQq8ud7hVNYcfnVPJqcVpscN5So8BhtHuGYqET5GDW5CV"
  },{
    "owner_name": "initp",
    "block_signing_key": "EOS6MRyAjQq8ud7hVNYcfnVPJqcVpscN5So8BhtHuGYqET5GDW5CV"
  },{
    "owner_name": "initq",
    "block_signing_key": "EOS6MRyAjQq8ud7hVNYcfnVPJqcVpscN5So8BhtHuGYqET5GDW5CV"
  },{
    "owner_name": "initr",
    "block_signing_key": "EOS6MRyAjQq8ud7hVNYcfnVPJqcVpscN5So8BhtHuGYqET5GDW5CV"
  },{
    "owner_name": "inits",
    "block_signing_key": "EOS6MRyAjQq8ud7hVNYcfnVPJqcVpscN5So8BhtHuGYqET5GDW5CV"
  },{
    "owner_name": "initt",
    "block_signing_key": "EOS6MRyAjQq8ud7hVNYcfnVPJqcVpscN5So8BhtHuGYqET5GDW5CV"
  },{
    "owner_name": "initu",
    "block_signing_key": "EOS6MRyAjQq8ud7hVNYcfnVPJqcVpscN5So8BhtHuGYqET5GDW5CV"
  }],
  "initial_chain_id": "0000000000000000000000000000000000000000000000000000000000000000"
}
